Organization,Followed On
Excel Daily Hack,Wed May 03 15:47:32 UTC 2023
Streamlit,Sun Apr 30 20:52:18 UTC 2023
Citi,Thu Apr 27 18:52:08 UTC 2023
Gensler,Thu Apr 27 18:46:50 UTC 2023
Kombo Ventures,Thu Apr 27 18:45:48 UTC 2023
Quess Corp Limited,Thu Apr 27 18:44:18 UTC 2023
Unacademy,Wed Apr 26 06:10:31 UTC 2023
Intertrust Group,Sat Apr 22 11:20:10 UTC 2023
Newton School,Sat Apr 22 10:57:33 UTC 2023
Wells Fargo,Fri Apr 21 15:45:51 UTC 2023
Volvo Group,Fri Apr 21 13:21:14 UTC 2023
Blinkit,Thu Apr 20 17:40:18 UTC 2023
Jiva,Thu Apr 20 17:27:03 UTC 2023
Wizklub,Tue Apr 18 03:32:11 UTC 2023
PwC Acceleration Centers,Fri Apr 14 13:31:01 UTC 2023
GrowthSchool,Wed Mar 29 05:02:39 UTC 2023
OneStopData,Tue Mar 28 12:01:46 UTC 2023
codebasics,Tue Mar 21 04:39:52 UTC 2023
AB InBev,Mon Mar 13 19:09:50 UTC 2023
Natural Language Processing,Mon Mar 13 06:44:52 UTC 2023
Market Research,Mon Mar 13 06:34:30 UTC 2023
Data Visualization,Mon Mar 13 06:02:20 UTC 2023
Data Modeling,Mon Mar 13 05:15:09 UTC 2023
Business Analytics,Mon Mar 13 04:34:48 UTC 2023
Cerner Corporation,Sat Mar 11 10:07:54 UTC 2023
Apty,Fri Mar 10 10:16:08 UTC 2023
Navi,Fri Mar 10 10:14:56 UTC 2023
NEOTECH Solutions,Fri Mar 10 10:11:54 UTC 2023
Ecolab,Thu Mar 09 05:21:34 UTC 2023
Blu Ocean Innovations pvt ltd,Mon Mar 06 06:26:54 UTC 2023
Startup Pedia,Sun Feb 19 11:28:53 UTC 2023
Under 25 Universe,Thu Feb 09 22:57:33 UTC 2023
Coursera,Mon Jan 30 04:45:50 UTC 2023
OpenCV,Sat Jan 28 04:58:11 UTC 2023
storytelling with data,Sat Jan 28 04:58:07 UTC 2023
"RIVO Holdings, LLC",Fri Jan 20 20:33:51 UTC 2023
Maven Analytics,Wed Jan 04 16:46:06 UTC 2023
Skive it®!,Sat Dec 24 04:54:15 UTC 2022
Robometrics® Machines,Fri Dec 23 04:54:54 UTC 2022
Analytic Partners,Mon Dec 12 01:44:39 UTC 2022
Confidential,Fri Dec 09 20:33:19 UTC 2022
"Anaconda, Inc.",Sat Dec 03 19:50:23 UTC 2022
DataCamp,Thu Dec 01 21:13:54 UTC 2022
AWS Databases & Analytics,Thu Nov 24 18:51:50 UTC 2022
AbleTo Inc.,Fri Nov 18 20:00:58 UTC 2022
Patient First,Tue Nov 15 15:35:15 UTC 2022
LeetCode,Mon Nov 14 07:09:52 UTC 2022
Get Hired with GeeksforGeeks ,Mon Nov 14 07:09:46 UTC 2022
Cognizant,Mon Nov 14 07:09:39 UTC 2022
Coursera,Mon Nov 14 07:09:32 UTC 2022
Meta,Fri Nov 11 12:06:10 UTC 2022
Airbnb,Fri Nov 11 12:06:09 UTC 2022
PwC,Fri Nov 11 12:06:08 UTC 2022
365 Data Science,Sat Nov 05 13:52:51 UTC 2022
Towards Data Science,Sat Oct 15 13:39:39 UTC 2022
Thermo Fisher Scientific,Fri Sep 16 21:34:54 UTC 2022
Medium,Thu Aug 18 04:03:47 UTC 2022
The Wall Street Journal,Sat Aug 06 03:53:53 UTC 2022
Insider,Sat Aug 06 03:53:44 UTC 2022
Tableau,Sat Aug 06 03:53:39 UTC 2022
Workday,Sat Aug 06 03:53:34 UTC 2022
Salesforce,Sat Aug 06 03:53:24 UTC 2022
AWS Careers,Sat Aug 06 03:53:14 UTC 2022
Slack,Sat Aug 06 03:53:08 UTC 2022
HackerRank,Sat Aug 06 03:52:51 UTC 2022
Stack Overflow,Sat Aug 06 03:52:47 UTC 2022
OurDate,Tue Jul 12 12:10:00 UTC 2022
CTDI,Fri Jun 24 00:59:57 UTC 2022
AWS Training & Certification,Sat Jun 04 23:33:37 UTC 2022
National Basketball Association (NBA),Fri Oct 08 16:56:16 UTC 2021
Virginia Commonwealth University,Sun Sep 12 00:15:43 UTC 2021
Golden State Warriors,Mon May 10 10:44:00 UTC 2021
National Basketball Association,Mon May 10 10:43:26 UTC 2021
Tesla,Fri May 07 17:22:51 UTC 2021
CodeChef,Fri May 07 17:22:45 UTC 2021
W3Schools.com,Fri May 07 17:22:37 UTC 2021
GitHub,Fri May 07 17:22:33 UTC 2021
HP,Tue Mar 30 20:50:49 UTC 2021
GeeksforGeeks,Tue Mar 30 20:50:43 UTC 2021
Capgemini,Tue Mar 30 20:50:39 UTC 2021
VMware,Tue Mar 30 20:50:29 UTC 2021
Spotify,Mon Nov 30 05:40:36 UTC 2020
Uber,Mon Nov 30 05:36:45 UTC 2020
Razorpay,Mon Nov 30 05:02:48 UTC 2020
Swiggy,Mon Nov 30 05:02:46 UTC 2020
Deutsche Bank,Mon Nov 30 05:02:44 UTC 2020
The Economist,Mon Nov 30 05:02:40 UTC 2020
Shell,Mon Nov 30 05:01:24 UTC 2020
L'Oréal,Mon Nov 30 05:01:22 UTC 2020
Myntra,Mon Nov 30 05:01:09 UTC 2020
Apple,Mon Nov 30 05:01:03 UTC 2020
McKinsey & Company,Mon Nov 30 05:00:52 UTC 2020
Jio,Sat Aug 06 02:02:47 UTC 2022
Accenture in India,Mon Nov 30 05:00:43 UTC 2020
Amazon Web Services (AWS),Mon Nov 30 05:00:40 UTC 2020
Goldman Sachs,Mon Nov 30 05:00:39 UTC 2020
Deloitte,Mon Nov 30 05:00:32 UTC 2020
Accenture,Mon Nov 30 05:00:03 UTC 2020
Tata Group,Mon Nov 30 04:59:44 UTC 2020
LinkedIn Guide to Networking,Thu Nov 26 14:56:07 UTC 2020
EY,Sat Oct 31 07:22:42 UTC 2020
Amazon,Wed Oct 28 19:00:54 UTC 2020
TEDx,Wed Oct 28 18:58:43 UTC 2020
Grant Thornton LLP (US),Wed Oct 28 18:57:48 UTC 2020
KPMG,Wed Oct 28 18:57:44 UTC 2020
Morgan Stanley,Wed Oct 28 18:57:20 UTC 2020
Nike,Wed Oct 28 18:56:52 UTC 2020
Deloitte India,Wed Oct 28 18:56:50 UTC 2020
JPMorgan Chase & Co.,Wed Oct 28 18:56:48 UTC 2020
Netflix,Wed Oct 28 18:56:36 UTC 2020
Ford Motor Company,Wed Oct 28 18:56:34 UTC 2020
HCLTech,Wed Oct 28 18:56:33 UTC 2020
Walmart,Wed Oct 28 18:56:29 UTC 2020
Cisco,Wed Oct 28 18:56:08 UTC 2020
IBM,Wed Oct 28 18:55:48 UTC 2020
Infosys,Fri Oct 23 17:16:30 UTC 2020
Wipro,Fri Oct 23 17:16:28 UTC 2020
Flipkart,Wed Oct 21 09:11:38 UTC 2020
Microsoft,Wed Mar 24 20:23:41 UTC 2021
Oracle,Wed Oct 21 09:11:19 UTC 2020
Google,Wed Oct 21 09:11:14 UTC 2020
The Economic Times,Wed Oct 21 09:10:35 UTC 2020
Tata Consultancy Services,Wed Oct 21 09:10:27 UTC 2020
Udemy Free Courses,Wed Oct 21 09:09:58 UTC 2020
Tata Motors,Wed Oct 21 09:09:57 UTC 2020
"Christ University, Bangalore",Thu Aug 13 19:51:51 UTC 2020
LinkedIn,Fri Aug 07 05:12:34 UTC 2020
Udemy,Fri Aug 07 13:56:02 UTC 2020