Application Date,Contact Email,Contact Phone Number,Company Name,Job Title,Job Url,Resume Name,Question And Answers
"8/9/22, 11:37 PM",,,,Business Process Analyst,,,
"3/12/23, 11:21 PM",,,,Business Analyst,,,
"3/13/23, 12:09 PM",,,,Associate Data Scientist,,,
"9/1/22, 10:36 PM",,,,User Experience Researcher,,,
"8/9/22, 11:21 PM",,,,Strategy Analyst,,,
"9/22/22, 6:35 AM",,,,Junior Data Analyst Remote,,,
"12/23/22, 12:49 PM",,,,Business Analyst,,,
"9/19/22, 12:38 AM",,,,Business Analyst,,,
"8/9/22, 11:24 PM",,,,Client Retirement Analyst,,,
"7/21/22, 7:24 PM",,,,Business Analyst,,,
"8/30/22, 5:45 PM",,,,,,,
"9/19/22, 6:46 PM",,,,"Analyst, Marketing Technology",,,
"8/9/22, 11:32 PM",,,,Jr. Research Analyst ,,,
"12/15/22, 3:37 PM",,,,Data Specialist,,,
"3/20/23, 12:01 AM",,,,Data Entry Assistant,,,
"4/22/23, 4:02 AM",,,,MIS Associate,,,
"8/30/22, 5:59 PM",,,,,,,
"7/30/22, 9:59 AM",,,,Data Analyst,,,
"7/21/22, 7:28 PM",,,,Business Analyst,,,
"8/9/22, 11:43 PM",,,,Product Analyst (IT),,,
"9/1/22, 10:53 PM",,,,Contract Data Analyst ,,,
"1/4/23, 7:38 PM",,,,Strategic Analytics Analyst,,,
"3/13/23, 12:31 AM",,,,Business Analyst,,,
"9/2/22, 10:26 PM",,,,"Assistant, Study Operations",,,
"4/27/23, 11:45 AM",,,,Logistics Analyst,,,
"3/11/23, 2:07 AM",,,,Technical Solution Analyst II,,,
"7/27/22, 8:22 AM",,,,Marketing Analyst,,,
"3/10/23, 10:16 PM",,,,Product Analyst,,,
"9/19/22, 12:38 AM",,,,Business Analyst,,,
"12/19/22, 8:42 AM",,,,Data Analyst intern,,,
"1/11/23, 8:36 AM",,,,Digital Media Analyst ,,,
"8/9/22, 11:44 PM",,,,Business Analyst,,,
"9/19/22, 12:39 AM",,,,Business Analyst,,,
"9/24/22, 9:38 PM",,,,Digital Media Analyst / Strategist,,,
"3/5/23, 10:26 PM",,,,Data Analyst,,,
"8/30/22, 5:05 PM",,,,Data Scientist Intern ,,,
"8/9/22, 5:31 AM",,,,Junior Business Analyst,,,
"12/26/22, 6:32 PM",,,,Data Analyst Intern,,,
"3/10/23, 2:16 AM",,,,Product Analyst,,,
"12/26/22, 5:57 PM",,,,Business Analyst (SQL/ETL),,,
"1/20/23, 12:33 PM",,,,Junior Data Analyst,,,
"9/24/22, 9:20 PM",,,,Business Intelligence Analyst,,,
"1/3/23, 12:25 PM",,,,Business Analyst,,,
"1/23/23, 8:24 AM",,,,Data Analyst (part-time),,,
"7/21/22, 7:30 PM",,,,Business Analyst,,,
"4/24/23, 2:01 AM",,,,Data Entry Assistant,,,
"1/11/23, 9:21 AM",,,,Data Analyst,,,
"3/13/23, 10:05 PM",,,,Big Data Intern,,,
"3/10/23, 2:05 AM",,,,Product Analyst,,,
"12/20/22, 11:00 AM",,,,"Assistant Analyst, Digital Activation",,,
"7/27/22, 8:17 AM",,,,Database and Reporting Analyst (PT),,,
"8/9/22, 11:23 PM",,,,Client & Operational Support Analyst,,,
"3/13/23, 10:08 PM",,,,Pricing Consultant,,,
"9/19/22, 12:40 AM",,,,Business Analyst,,,
"12/14/22, 11:11 AM",,,,Business Intelligence Intern,,,
"7/30/22, 9:38 AM",,,,Entry Level data analyst,,,
"12/9/22, 12:33 PM",,,,Business Analyst Trainee,,,
"3/11/23, 1:47 AM",,,,Data Analyst Intern,,,
"12/20/22, 11:31 AM",,,,Business Intelligence Analyst,,,
"12/22/22, 9:20 PM",,,,Data Analyst,,,
"3/13/23, 9:33 AM",,,,Analyst Social,,,
"8/9/22, 11:25 PM",,,,Analyst,,,
"9/19/22, 11:32 AM",,,,,,,
"4/25/23, 11:10 PM",,,,"Data Analyst, Intern ",,,
"8/9/22, 11:27 PM",,,,Junior Business Analyst,,,
"9/1/22, 10:55 PM",,,,,,,
"8/9/22, 11:29 PM",,,,Junior Business Analyst ,,,
"7/30/22, 9:59 AM",,,,Data Engineer,,,
"1/2/23, 5:47 AM",,,,Conflicts Analyst Assistant,,,
"1/25/23, 9:25 AM",,,,Data Analyst,,,
"9/15/22, 7:37 PM",,,,"Data Analyst Intern (paid, remote)",,,
"7/27/22, 8:07 AM",,,,Database Developer Intern,,,
"12/15/22, 1:34 PM",,,,Data Specialist,,,
"12/22/22, 8:54 PM",,,,Marketing Intern,,,
"3/10/23, 2:14 AM",,,,Business Analyst,,,
"3/10/23, 2:11 AM",,,,Data Analyst,,,
"7/27/22, 8:04 AM",,,,Business Analyst Intern,,,
"9/1/22, 10:48 PM",,,,,,,
"9/25/22, 8:01 AM",,,,Business Analyst,,,
"9/1/22, 10:50 PM",,,,"Digital Marketing and Marketing Research Internship- Austin, TX",,,
"12/19/22, 11:55 AM",,,,Data Analyst,,,
"4/27/23, 11:45 AM",,,,VBA & Reporting analyst ,,,
"7/21/22, 7:22 PM",,,,Business Analyst,,,
"7/30/22, 10:00 AM",,,,Data Engineer,,,
"12/26/22, 9:02 AM",,,,"Data Research Analyst, gt.school (Remote) - $60,000/year USD",,,
"3/12/23, 11:15 PM",,,,Data Analyst-II,,,
"9/22/22, 6:35 AM",,,,Business Analyst,,,
"12/27/22, 7:09 AM",,,,Bid Analyst,,,
"1/5/23, 11:33 AM",,,,Business Intelligence Analyst,,,
"12/19/22, 9:03 AM",,,,Data Analyst,,,
